"","age","len","n","sd","se","weight","reg","year","sex"
"1",5,65.75,4,17.3661548229115,4.34153870572788,2.4365401314874,"Full","2014","F"
"2",6,70.6603773584906,53,10.0401949801524,0.189437641134951,3.07695681931284,"Full","2014","F"
"3",7,71.7563025210084,119,10.4767429168131,0.0880398564438076,3.23428200713391,"Full","2014","F"
"4",8,74.7956730769231,416,9.87629902531521,0.0237411034262385,3.69956867651409,"Full","2014","F"
"5",9,76.7292707292707,1001,9.99177823851352,0.00998179644207145,4.01851120904387,"Full","2014","F"
"6",10,80.8443960826986,919,11.9146725165353,0.0129648231953594,4.75967238055475,"Full","2014","F"
"7",11,88.3783359497645,637,14.4436565822363,0.0226745001290993,6.3526038405109,"Full","2014","F"
"8",12,93.8353474320242,662,16.2436559416629,0.0245372446248684,7.71362757452043,"Full","2014","F"
"9",13,99.511583011583,518,17.8441257828838,0.0344481192719764,9.3304350272674,"Full","2014","F"
"10",14,103.463519313305,466,18.9642493212619,0.0406958139941242,10.5852713505925,"Full","2014","F"
"11",15,103.818181818182,308,19.2029973723921,0.0623473940662082,10.7032875327463,"Full","2014","F"
"12",16,111.602836879433,141,21.2165297528077,0.150471842218494,13.5287937123585,"Full","2014","F"
"13",17,116.934065934066,91,18.9148984182676,0.207856026574369,15.7369411423677,"Full","2014","F"
"14",18,121.018518518519,54,20.2954504993446,0.37584167591379,17.5885991654353,"Full","2014","F"
"15",19,121.34,50,19.833603725362,0.39667207450724,17.7404342088435,"Full","2014","F"
"16",20,129.95,20,20.8136468389574,1.04068234194787,22.1526902659751,"Full","2014","F"
"17",5,60,1,NA,NA,1.81134579382638,"2B","2014","F"
"21",6,71,19,7.73160900316213,0.406926789640112,3.12513199754091,"2B","2014","F"
"310",7,77.030303030303,33,12.6354779502124,0.382893271218557,4.06981736267579,"2B","2014","F"
"45",8,77.3888888888889,126,11.4577290749762,0.0909343577379066,4.13152149294288,"2B","2014","F"
"51",9,79.0962732919255,322,9.66156523376002,0.03000486097441,4.434215809778,"2B","2014","F"
"610",10,85.9055118110236,254,12.3588844494893,0.0486570253916901,5.79454649164602,"2B","2014","F"
"73",11,93.7328767123288,146,14.8947068107364,0.102018539799565,7.68636883690215,"2B","2014","F"
"81",12,96.8299319727891,147,17.3052269202823,0.117722632110764,8.54009115641081,"2B","2014","F"
"910",13,105.227272727273,110,17.7032931632513,0.16093902875683,11.1811649587055,"2B","2014","F"
"101",14,109.686868686869,99,20.0492487846682,0.202517664491598,12.7906420292397,"2B","2014","F"
"111",15,111.5,56,19.4926559597105,0.348083142137687,13.4884450189836,"2B","2014","F"
"121",16,114.783783783784,37,14.959454712164,0.404309586815243,14.8185003700588,"2B","2014","F"
"131",17,116.363636363636,22,14.779475648104,0.671794347641093,15.4895684236372,"2B","2014","F"
"141",18,122.777777777778,18,20.6669829197814,1.14816571776563,18.4305954248353,"2B","2014","F"
"151",19,117.5,12,14.8232004886689,1.23526670738907,15.9850501641512,"2B","2014","F"
"161",20,129.4,5,25.8321505105556,5.16643010211113,21.8503486468523,"2B","2014","F"
"29",5,77,2,18.3847763108502,9.19238815542512,4.06463231177754,"2C","2014","F"
"30",6,70.8235294117647,17,9.90729083880684,0.582781814047461,3.10003522077911,"2C","2014","F"
"31",7,73.6,30,8.98888202169769,0.299629400723256,3.51136061960093,"2C","2014","F"
"32",8,76.6495726495726,117,9.81230423860622,0.0838658481932156,4.00500318969123,"2C","2014","F"
"33",9,78.1810344827586,232,10.1436429139587,0.0437225987670635,4.27011816039382,"2C","2014","F"
"34",10,83.1865284974093,193,11.8262783342888,0.0612760535455379,5.22111234956779,"2C","2014","F"
"35",11,94.9851851851852,135,14.9131741744669,0.110467956847903,8.024100264221,"2C","2014","F"
"36",12,102.059880239521,167,14.7111549343905,0.088090748110123,10.1270205647504,"2C","2014","F"
"37",13,108.794520547945,146,18.1000734645944,0.123973105921879,12.4565584140319,"2C","2014","F"
"38",14,112.361111111111,144,18.9436452105104,0.131553091739656,13.8288872992429,"2C","2014","F"
"39",15,114.032258064516,93,20.442630017188,0.219813225991269,14.5064498991624,"2C","2014","F"
"40",16,118.529411764706,51,21.6881100524471,0.425257059851905,16.4432618965714,"2C","2014","F"
"41",17,127.354838709677,31,17.4156029412263,0.561793643265366,20.7511119907524,"2C","2014","F"
"42",18,136.733333333333,15,17.2935440747889,1.15290293831926,26.1230797313925,"2C","2014","F"
"43",19,133.047619047619,21,16.5332277262372,0.787296558392248,23.9097118673041,"2C","2014","F"
"44",20,142.222222222222,9,15.2870678825092,1.69856309805658,29.6760358307997,"2C","2014","F"
"57",5,NA,0,NA,NA,NA,"3A","2014","F"
"58",6,73.3636363636364,11,14.5552239919056,1.32320218108233,3.47495566695108,"3A","2014","F"
"59",7,69.2,30,9.11383941955953,0.303794647318651,2.87564361360269,"3A","2014","F"
"60",8,74.0114942528736,87,7.58439992088038,0.0871770105848319,3.57536705884583,"3A","2014","F"
"61",9,76.8022598870056,177,9.43520941379019,0.0533062678745208,4.03090973659577,"3A","2014","F"
"62",10,79.5388601036269,193,9.92470574427955,0.0514233458252826,4.5151112003469,"3A","2014","F"
"63",11,85.780487804878,164,11.9097056777713,0.0726201565717764,5.7672674701815,"3A","2014","F"
"64",12,91.4244186046512,172,14.542942550343,0.0845519915717614,7.08978176435527,"3A","2014","F"
"65",13,92.7638888888889,144,13.9999930624913,0.0972221740450788,7.43188710939461,"3A","2014","F"
"66",14,95.5072463768116,138,13.3647572154494,0.0968460667786188,8.16787353768823,"3A","2014","F"
"67",15,96.283185840708,113,13.3533496510297,0.11817123584982,8.38483999996756,"3A","2014","F"
"68",16,104.394736842105,38,21.682649027455,0.570596027038289,10.8970763103643,"3A","2014","F"
"69",17,107.677419354839,31,19.0199668712894,0.61354731842869,12.0468955379948,"3A","2014","F"
"70",18,107.944444444444,18,13.4840743634077,0.749115242411538,12.1439584632386,"3A","2014","F"
"71",19,106.928571428571,14,18.8698550225334,1.34784678732381,11.7775542457546,"3A","2014","F"
"72",20,112,6,8.96660470858396,1.49443411809733,13.6854067297045,"3A","2014","F"
"85",5,49,1,NA,NA,0.939780901660592,"3B","2014","F"
"86",6,64.1666666666667,6,5.30722777603022,0.884537962671703,2.25151076654018,"3B","2014","F"
"87",7,65.8846153846154,26,6.25668872856512,0.240641874175582,2.45274005955106,"3B","2014","F"
"88",8,69.2674418604651,86,6.87950822217206,0.0799942816531635,2.88473389869305,"3B","2014","F"
"89",9,72.6111111111111,270,9.35904362879034,0.0346631245510753,3.36078943225463,"3B","2014","F"
"90",10,75.5197132616487,279,10.4064246856271,0.037299013210133,3.8168649380641,"3B","2014","F"
"91",11,81.8802083333333,192,12.1720314530727,0.0633959971514201,4.96010737469264,"3B","2014","F"
"92",12,85.8863636363636,176,13.9098582251638,0.0790332853702486,5.79036277378503,"3B","2014","F"
"93",13,90.9322033898305,118,14.1751732008649,0.120128586448008,6.96685402896595,"3B","2014","F"
"94",14,94.0588235294118,85,15.6466586583484,0.18407833715704,7.77330722991155,"3B","2014","F"
"95",15,92.3260869565217,46,13.6578090773107,0.296908892985015,7.31884360098505,"3B","2014","F"
"96",16,98.4666666666667,15,21.8202614449005,1.4546840963267,9.01671704384081,"3B","2014","F"
"97",17,113.571428571429,7,16.081636969508,2.29737670992972,14.3173671793232,"3B","2014","F"
"98",18,110.333333333333,3,7.50555349946513,2.50185116648838,13.0365042403708,"3B","2014","F"
"99",19,122,3,19.9749843554382,6.65832811847939,18.0549864605944,"3B","2014","F"
"100",20,NA,0,NA,NA,NA,"3B","2014","F"
"110",4,58,1,NA,NA,1.62292337272982,"Full","2014","M"
"22",5,65.75,4,12.0381338531629,3.00953346329073,2.4365401314874,"Full","2014","M"
"311",6,63.35,20,4.72702198451681,0.236351099225841,2.15998314369584,"Full","2014","M"
"49",7,64.8032786885246,61,7.23376267266017,0.118586273322298,2.32469257631348,"Full","2014","M"
"511",8,66.1830985915493,142,7.10969742132778,0.0500682916994914,2.48892556007467,"Full","2014","M"
"611",9,67.1822660098522,406,6.42266671189055,0.0158193761376615,2.61274109285993,"Full","2014","M"
"710",10,70.9082352941176,425,7.92527321957316,0.0186477016931133,3.11206421438368,"Full","2014","M"
"811",11,74.6459459459459,370,7.71522601855548,0.0208519622123121,3.6756274638939,"Full","2014","M"
"911",12,77.2,400,8.69505664300484,0.0217376416075121,4.0989381840739,"Full","2014","M"
"109",13,78.411575562701,311,9.08336272959174,0.0292069541144429,4.31105040148594,"Full","2014","M"
"112",14,79.3936781609195,348,8.20259783336998,0.0235706834292241,4.48846356833308,"Full","2014","M"
"122",15,81.2088607594937,316,8.47671229878799,0.0268250389202152,4.82954692457151,"Full","2014","M"
"132",16,81.2233502538071,197,6.71207128712375,0.03407142785342,4.83233939122251,"Full","2014","M"
"142",17,82.5766423357664,137,7.81939766348183,0.057075895353882,5.09810420755097,"Full","2014","M"
"152",18,83.6126126126126,111,7.72383697767228,0.0695841169159665,5.30825683816046,"Full","2014","M"
"162",19,85.5535714285714,56,7.1475860969272,0.127635466016557,5.7179835522816,"Full","2014","M"
"172",20,87.9642857142857,56,8.00446304079347,0.142936840014169,6.25668064975741,"Full","2014","M"
"18",4,NA,0,NA,NA,NA,"2B","2014","M"
"211",5,NA,0,NA,NA,NA,"2B","2014","M"
"3101",6,68.3333333333333,3,0.577350269189626,0.192450089729875,2.7605839598894,"2B","2014","M"
"48",7,69.1111111111111,18,8.89738156385408,0.494298975769671,2.86369282584657,"2B","2014","M"
"512",8,67.9024390243902,41,5.83868511759617,0.142406954087712,2.704580597887,"2B","2014","M"
"6101",9,69.7931034482759,116,6.04694280123265,0.0521288172520056,2.95626831698498,"2B","2014","M"
"78",10,73.4285714285714,112,5.93616839704664,0.0530015035450593,3.48493090295774,"2B","2014","M"
"812",11,77.2368421052632,76,7.21825172010071,0.0949769963171146,4.10527944510056,"2B","2014","M"
"9101",12,80.2888888888889,90,7.74196857415773,0.086021873046197,4.65452070504777,"2B","2014","M"
"108",13,83.3188405797101,69,8.27912462270795,0.119987313372579,5.24806664780905,"2B","2014","M"
"1111",14,82.5526315789474,76,6.81252716073774,0.0896385152728651,5.09330288471157,"2B","2014","M"
"1211",15,84.4594594594595,74,6.68916357199123,0.0903941023242058,5.48443381614859,"2B","2014","M"
"1311",16,83.4565217391304,46,6.41770648454252,0.13951535835962,5.27621670147441,"2B","2014","M"
"1411",17,84.2962962962963,27,5.86918166760013,0.217377098800005,5.45017986367238,"2B","2014","M"
"1511",18,89.1052631578947,19,6.90325798157898,0.363329367451525,6.52346284084056,"2B","2014","M"
"1611",19,86.7777777777778,9,5.11805084426136,0.56867231602904,5.98735397904816,"2B","2014","M"
"171",20,92.5,8,7.23088613419644,0.903860766774555,7.36360577707652,"2B","2014","M"
"312",4,58,1,NA,NA,1.62292337272982,"2C","2014","M"
"321",5,70,3,10.4403065089106,3.48010216963685,2.9847569034127,"2C","2014","M"
"331",6,65.2,5,4.08656334834051,0.817312669668102,2.37111995703137,"2C","2014","M"
"341",7,67.25,12,4.39265916563698,0.366054930469748,2.62128553532937,"2C","2014","M"
"351",8,69.8823529411765,34,8.06700990710652,0.237264997267839,2.96853434626022,"2C","2014","M"
"361",9,69.0326086956522,92,6.07905987337675,0.0660767377540951,2.85316705313869,"2C","2014","M"
"371",10,74.9347826086957,92,9.65538550152147,0.104949842407842,3.72190856113186,"2C","2014","M"
"381",11,79.296875,64,7.91157417663394,0.123618346509905,4.47075623532611,"2C","2014","M"
"391",12,82.3571428571429,84,10.0464497801047,0.119600592620294,5.05432816003963,"2C","2014","M"
"401",13,84.7142857142857,56,10.1653856264809,0.181524743330016,5.53822853006463,"2C","2014","M"
"411",14,84.7027027027027,74,10.3032508897292,0.139233120131475,5.53577543594315,"2C","2014","M"
"421",15,86.8297872340426,47,10.3405473510334,0.220011645766668,5.99898841233564,"2C","2014","M"
"431",16,85.1515151515152,33,6.75518880251143,0.204702690985195,5.63137731449433,"2C","2014","M"
"441",17,87.9583333333333,24,10.1915530525621,0.424648043856755,6.25530900887272,"2C","2014","M"
"451",18,86.2307692307692,13,5.15030494491744,0.396177303455188,5.86593220068693,"2C","2014","M"
"46",19,90.8,10,6.57942922212017,0.657942922212017,6.93408985135549,"2C","2014","M"
"47",20,93.2857142857143,7,9.81010169356543,1.40144309908078,7.56819604448332,"2C","2014","M"
"612",4,NA,0,NA,NA,NA,"3A","2014","M"
"621",5,53,1,NA,NA,1.21183958079205,"3A","2014","M"
"631",6,61.4444444444444,9,4.8762462794426,0.541805142160289,1.95647818825786,"3A","2014","M"
"641",7,62.6666666666667,15,4.76095228569523,0.317396819046349,2.08540246245543,"3A","2014","M"
"651",8,64.5882352941177,34,6.01068567186717,0.176784872701976,2.29979111824953,"3A","2014","M"
"661",9,65.6746987951807,83,5.51297457165199,0.0664213803813493,2.42751055076205,"3A","2014","M"
"671",10,68.5728155339806,103,6.45588641830313,0.0626785089155644,2.79205350086212,"3A","2014","M"
"681",11,73.2871287128713,101,6.13243285110137,0.0607171569415978,3.46322801785016,"3A","2014","M"
"691",12,74.6206896551724,87,7.01699163544239,0.0806550762694528,3.67159959563796,"3A","2014","M"
"701",13,74.3222222222222,90,6.31180057249248,0.0701311174721386,3.62423090989421,"3A","2014","M"
"711",14,75.9910714285714,112,5.64808113108518,0.0504292958132605,3.8945926107024,"3A","2014","M"
"721",15,78.6936936936937,111,7.69981439303193,0.0693676972345219,4.36150817290594,"3A","2014","M"
"731",16,79.25,68,5.81140155725807,0.0854617876067363,4.46219919356592,"3A","2014","M"
"74",17,79.9555555555555,45,6.01874177260102,0.133749817168912,4.59220139592739,"3A","2014","M"
"75",18,81.0980392156863,51,6.39141581172993,0.125321878661371,4.80822589036677,"3A","2014","M"
"76",19,83.6153846153846,26,7.9753466285895,0.306744101099596,5.30882704829286,"3A","2014","M"
"77",20,85.3214285714286,28,7.14429879631341,0.255153528439765,5.66786659065206,"3A","2014","M"
"912",4,NA,0,NA,NA,NA,"3B","2014","M"
"921",5,NA,0,NA,NA,NA,"3B","2014","M"
"931",6,61,3,3.60555127546399,1.20185042515466,1.91099689378465,"3B","2014","M"
"941",7,60.125,16,5.41448674083395,0.338405421302122,1.82360093120041,"3B","2014","M"
"951",8,61.8787878787879,33,5.96739880390514,0.180830266785004,2.00164354704586,"3B","2014","M"
"961",9,64.1565217391304,115,6.14102012262239,0.0534001749793251,2.25035762769058,"3B","2014","M"
"971",10,67.4152542372881,118,7.02903170336766,0.0595680652827768,2.64221289731141,"3B","2014","M"
"981",11,71.8759689922481,129,7.54259545011073,0.058469732171401,3.25179040085624,"3B","2014","M"
"991",12,73.6978417266187,139,7.04195982711149,0.0506615814900107,3.52650715245777,"3B","2014","M"
"1001",13,75.0416666666667,96,7.40258371205859,0.0771102470006103,3.73913652064838,"3B","2014","M"
"1011",14,76.4651162790698,86,6.59535964219159,0.0766902283975766,3.97386016109323,"3B","2014","M"
"102",15,78.5238095238095,84,7.24190647613353,0.086213172334923,4.33107520644219,"3B","2014","M"
"103",16,79.26,50,6.48014235167401,0.12960284703348,4.46402374482174,"3B","2014","M"
"104",17,81.1707317073171,41,7.53625384068368,0.183811069284968,4.8222038895792,"3B","2014","M"
"105",18,83.25,28,9.33977951996092,0.333563554284319,5.23403063623978,"3B","2014","M"
"106",19,84.3636363636364,11,4.6748845391673,0.424989503560664,5.46429904190728,"3B","2014","M"
"107",20,88,13,7.32575365861197,0.563519512200921,6.26491486209098,"3B","2014","M"
"113",3,41.5,2,14.8492424049175,7.42462120245875,0.548614332154253,"Full","1980s","F"
"23",4,51.7090909090909,55,9.68900240875023,0.176163680159095,1.11878872253898,"Full","1980s","F"
"313",5,61.5570175438597,228,9.71539011891373,0.0426113601706742,1.96811577524062,"Full","1980s","F"
"410",6,68.8170212765957,705,9.22242478719738,0.0130814535988615,2.82439826320059,"Full","1980s","F"
"513",7,78.1634768740032,1254,11.4476318046668,0.00912889298617767,4.2670118874224,"Full","1980s","F"
"613",8,87.6370089919546,2113,12.8876737029565,0.00609923033741436,6.18157250587447,"Full","1980s","F"
"712",9,96.4453411592076,2726,14.3346549458185,0.00525849411071844,8.43067946286598,"Full","1980s","F"
"813",10,107.234872611465,2512,16.4438320282074,0.00654611147619719,11.8872141311274,"Full","1980s","F"
"913",11,116.743902439024,2296,17.2918484785672,0.00753129289136204,15.6541735694289,"Full","1980s","F"
"1010",12,125.460428073668,2009,17.5972129724663,0.00875919013064523,19.7675676790372,"Full","1980s","F"
"114",13,134.09756097561,1517,17.6041859261119,0.0116046050930203,24.5264652896948,"Full","1980s","F"
"123",14,140.864361702128,1128,18.5401611449275,0.0164363130717443,28.7678219669696,"Full","1980s","F"
"133",15,147.704761904762,735,19.0400028240177,0.0259047657469628,33.5451304950989,"Full","1980s","F"
"143",16,151.620481927711,498,20.3572356776476,0.0408779832884489,36.5129416657657,"Full","1980s","F"
"153",17,158.691394658754,337,19.6869778875976,0.0584183320106754,42.3237613648126,"Full","1980s","F"
"163",18,162.033333333333,270,20.6400105904702,0.0764444836684081,45.2803174248934,"Full","1980s","F"
"173",19,167.005494505495,182,21.4062254725263,0.117616623475419,49.9389006083431,"Full","1980s","F"
"182",20,174.811594202899,138,21.8573847029581,0.158386845673609,57.9053741230686,"Full","1980s","F"
"19",3,NA,0,NA,NA,NA,"2B","1980s","F"
"212",4,60.3333333333333,9,9.60468635614927,1.06718737290547,1.84415335485062,"2B","1980s","F"
"3102",5,64.672131147541,61,8.92883215856626,0.146374297681414,2.30948398347121,"2B","1980s","F"
"471",6,69.9333333333333,180,9.40379098641612,0.0522432832578673,2.97555661664355,"2B","1980s","F"
"514",7,77.4233983286908,359,9.80360831047104,0.0273081011433734,4.13749364987772,"2B","1980s","F"
"6102",8,86.438202247191,534,11.1763503890607,0.0209294951106005,5.91177460057347,"2B","1980s","F"
"751",9,92.6797853309481,559,11.7303699806166,0.0209845616826772,7.41007797251817,"2B","1980s","F"
"814",10,101.967213114754,488,14.6911723490468,0.0301048613709975,10.0972590088144,"2B","1980s","F"
"9102",11,108.764864864865,370,14.5386638284489,0.0392936860228349,12.4455604727806,"2B","1980s","F"
"1031",12,115.416356877323,269,16.033007933465,0.0596022599757063,15.0847309135168,"2B","1980s","F"
"1112",13,125.020408163265,147,19.3466819171176,0.131610081068827,19.5438208060696,"2B","1980s","F"
"1212",14,132.725274725275,91,18.0450460632188,0.198297209485921,23.7225344756258,"2B","1980s","F"
"1312",15,135.52,50,17.0128882717468,0.340257765434935,25.3794560042462,"2B","1980s","F"
"1412",16,144.12,50,17.4328332025918,0.348656664051836,30.9783225142821,"2B","1980s","F"
"1512",17,151.392857142857,28,16.9734853919048,0.606195906853744,36.3356357969124,"2B","1980s","F"
"1612",18,150.8125,32,18.9642065226114,0.592631453831607,35.8862678962083,"2B","1980s","F"
"1711",19,157.923076923077,13,23.4501653812986,1.80385887548451,41.6634328016393,"2B","1980s","F"
"181",20,166.909090909091,11,27.6096162430938,2.50996511300853,49.8455610673884,"2B","1980s","F"
"291",3,NA,0,NA,NA,NA,"2C","1980s","F"
"301",4,57.25,4,3.40342964277702,0.850857410694256,1.55590797407648,"2C","1980s","F"
"314",5,62.7179487179487,39,12.3904647505307,0.317704224372581,2.09093674952325,"2C","1980s","F"
"322",6,67.3897058823529,136,10.3165977697341,0.0758573365421629,2.63896999969308,"2C","1980s","F"
"332",7,76.9674556213018,338,13.0482603422052,0.0386043205390687,4.05906883936013,"2C","1980s","F"
"342",8,85.4676113360324,494,13.1233021141813,0.0265653888951037,5.6993901935091,"2C","1980s","F"
"352",9,94.3,580,13.8565186395534,0.0238905493785403,7.83807112664404,"2C","1980s","F"
"362",10,103.524105754277,643,15.7767908108038,0.0245362221007836,10.6053678312328,"2C","1980s","F"
"372",11,112.6736,625,16.5061864082407,0.0264098982531851,13.9538852837937,"2C","1980s","F"
"382",12,121.591059602649,604,16.3679697590424,0.0270992876805337,17.8596374892369,"2C","1980s","F"
"392",13,129.194852941176,544,17.1868373115566,0.0315934509403614,21.738311231757,"2C","1980s","F"
"402",14,135.352941176471,425,18.692084064097,0.0439813742684634,25.2782296426502,"2C","1980s","F"
"412",15,140.444866920152,263,19.0444388479115,0.0724123150110703,28.4911735046438,"2C","1980s","F"
"422",16,147.507317073171,205,19.4783991753246,0.0950165813430468,33.4000612231433,"2C","1980s","F"
"432",17,151.751879699248,133,18.5555701083536,0.139515564724463,36.6155643667379,"2C","1980s","F"
"442",18,158.385826771654,127,21.1164748907346,0.166271455832556,42.0602819248748,"2C","1980s","F"
"452",19,160.519480519481,77,21.7592148595839,0.282587205968622,43.9239320861688,"2C","1980s","F"
"461",20,166.333333333333,57,22.4183704433068,0.393304744619418,49.2906128820042,"2C","1980s","F"
"571",3,41.5,2,14.8492424049175,7.42462120245875,0.548614332154253,"3A","1980s","F"
"581",4,49.4390243902439,41,9.01123959421734,0.219786331566277,0.967336924549696,"3A","1980s","F"
"591",5,60.1696428571429,112,8.86626198987497,0.0791630534810265,1.82799162173441,"3A","1980s","F"
"601",6,69.0084985835694,353,8.69217492010011,0.0246237249861193,2.84993969423996,"3A","1980s","F"
"614",7,79.4556962025316,474,11.1680957568207,0.0235613834532082,4.49983341882048,"3A","1980s","F"
"622",8,89.5737527114968,922,12.6934748947225,0.0137673263500244,6.63524569266022,"3A","1980s","F"
"632",9,98.3335843373494,1328,14.4184221872984,0.0108572456229657,8.97729246408061,"3A","1980s","F"
"642",10,110.490262489416,1181,15.9350146920587,0.0134928151499227,13.0966762818268,"3A","1980s","F"
"652",11,120.864111498258,1148,16.518695687941,0.0143891077421089,17.5159934603152,"3A","1980s","F"
"662",12,129.566536203523,1022,16.4611249378513,0.016106775868739,21.9415925069812,"3A","1980s","F"
"672",13,138.505194805195,770,15.4780972485427,0.0201014249981073,27.2358766133905,"3A","1980s","F"
"682",14,145.901041666667,576,16.6816410085798,0.0289611823065621,32.2359525340144,"3A","1980s","F"
"692",15,153.4125,400,16.8917337898176,0.042229334474544,37.9297636675272,"3A","1980s","F"
"702",16,157.24358974359,234,19.9765007208433,0.0853696612001849,41.085414538324,"3A","1980s","F"
"713",17,164.514792899408,169,18.8193500054989,0.111357100624254,47.5658618508423,"3A","1980s","F"
"722",18,168.943925233645,107,18.0757482559706,0.168932226691314,51.8414662090425,"3A","1980s","F"
"732",19,172.872093023256,86,18.9983259396425,0.220910766740029,55.8495862259855,"3A","1980s","F"
"741",20,182.530303030303,66,17.4349072459819,0.264165261302755,66.6065031979728,"3A","1980s","F"
"851",3,NA,0,NA,NA,NA,"3B","1980s","F"
"861",4,45,1,NA,NA,0.713181157322715,"3B","1980s","F"
"871",5,56.5625,16,7.41142136615283,0.463213835384552,1.49618042529893,"3B","1980s","F"
"881",6,66.75,36,8.30963296421689,0.230823137894914,2.55866501276186,"3B","1980s","F"
"891",7,78.855421686747,83,12.0528637727674,0.145215226177921,4.39061710783694,"3B","1980s","F"
"901",8,87.1840490797546,163,16.5410970659665,0.101479123104089,6.07865239613918,"3B","1980s","F"
"914",9,99.6949806949807,259,17.3931849207002,0.0671551541339775,9.38626447272689,"3B","1980s","F"
"922",10,112.795,200,19.1975442053818,0.0959877210269089,14.0026561729455,"3B","1980s","F"
"932",11,121.751633986928,153,21.1511729940221,0.138242960745242,17.9361679812124,"3B","1980s","F"
"942",12,132.850877192982,114,22.0743844886139,0.193634951654508,23.7953478030883,"3B","1980s","F"
"952",13,144.946428571429,56,20.8059603722824,0.371535006647901,31.5575789309285,"3B","1980s","F"
"962",14,145.916666666667,36,21.0202283527083,0.583895232019674,32.2471391631816,"3B","1980s","F"
"972",15,158.409090909091,22,17.1815490484888,0.780979502204038,42.080301703561,"3B","1980s","F"
"982",16,140.777777777778,9,27.2845092395748,3.03161213773054,28.7105701700034,"3B","1980s","F"
"992",17,179.142857142857,7,12.5356634105602,1.79080905865145,62.6841417888763,"3B","1980s","F"
"1002",18,182.75,4,5.31507290636732,1.32876822659183,66.8666006423289,"3B","1980s","F"
"1012",19,185.833333333333,6,7.46770826068257,1.24461804344709,70.5914064496323,"3B","1980s","F"
"1021",20,190,4,9.76387901058454,2.44096975264613,75.8495455006508,"3B","1980s","F"
"115",3,54,1,NA,NA,1.28749958440542,"Full","1980s","M"
"24",4,52.469387755102,49,11.1357196310198,0.227259584306527,1.17296956795052,"Full","1980s","M"
"315",5,56.8010471204189,191,7.33428853887357,0.038399416433893,1.51672157177404,"Full","1980s","M"
"413",6,63.2226277372263,548,7.05435146686233,0.0128729041366101,2.14594384715411,"Full","1980s","M"
"515",7,69.2518867924528,1060,8.09876162011383,0.00764034115105078,2.88263551791507,"Full","1980s","M"
"615",8,75.9973941368078,1535,10.0626456787028,0.00655546949752624,3.89564260777896,"Full","1980s","M"
"714",9,81.8123689727463,1908,11.1943040260813,0.00586703565308243,4.94680479571326,"Full","1980s","M"
"815",10,89.7239583333333,1728,13.1943147230321,0.00763559879805101,6.67136362613627,"Full","1980s","M"
"915",11,95.339755940912,1557,13.7250186505663,0.00881504088026093,8.12155503933601,"Full","1980s","M"
"1013",12,99.6103216155572,1337,14.3313017814077,0.0107189990885622,9.36046416155876,"Full","1980s","M"
"116",13,103.814853556485,956,14.8072512687399,0.0154887565572593,10.7021758249352,"Full","1980s","M"
"124",14,107.636098981077,687,15.6590413317809,0.0227933643839605,12.0319237699194,"Full","1980s","M"
"134",15,109.665306122449,490,14.8531399807755,0.0303125305730111,12.7824970964772,"Full","1980s","M"
"144",16,115.334328358209,335,16.3236864767509,0.0487274223186593,15.0500225329426,"Full","1980s","M"
"154",17,116.277511961722,209,16.2350381277863,0.0776796082669199,15.4524548122645,"Full","1980s","M"
"164",18,121.75572519084,131,17.65920618612,0.134803100657405,17.938120824283,"Full","1980s","M"
"174",19,123.245098039216,102,16.0441447167888,0.157295536439106,18.6588552978413,"Full","1980s","M"
"183",20,125,52,16.0843365530861,0.309314164482425,19.5334861010082,"Full","1980s","M"
"191",3,54,1,NA,NA,1.28749958440542,"2B","1980s","M"
"213",4,59.7,10,8.40700765895796,0.840700765895796,1.78216597775317,"2B","1980s","M"
"3103",5,59.3050847457627,59,5.99785662086203,0.101658586794272,1.74425176705716,"2B","1980s","M"
"443",6,64.5647058823529,170,6.67672289459491,0.0392748405564406,2.29707771809198,"2B","1980s","M"
"510",7,69.8057324840764,314,7.33261558918002,0.0233522789464332,2.95800185973735,"2B","1980s","M"
"693",8,74.6529126213592,412,8.22839521695215,0.0199718330508547,3.67673904522581,"2B","1980s","M"
"715",9,78.7479892761394,373,8.77286735288312,0.0235197516163086,4.37126574652103,"2B","1980s","M"
"810",10,84.5351681957187,327,9.27913180267964,0.0283765498552894,5.50037830002836,"2B","1980s","M"
"943",11,87.2926829268293,246,10.271602785979,0.0417544828698334,6.10322699366878,"2B","1980s","M"
"1014",12,90.3636363636364,209,9.02996178232277,0.0432055587670946,6.82670130589558,"2B","1980s","M"
"1113",13,94.4933333333333,150,11.3514606969877,0.0756764046465849,7.89025618713606,"2B","1980s","M"
"1213",14,96.3934426229508,122,11.3658596930807,0.0931627843695139,8.41598953446577,"2B","1980s","M"
"1313",15,99.3260869565217,92,12.2976891384602,0.133670534113698,9.27420076541538,"2B","1980s","M"
"1413",16,101.5,56,9.79981446948684,0.174996686955122,9.94812635070408,"2B","1980s","M"
"1513",17,105.62962962963,27,14.3101581675615,0.530005858057833,11.3202799859721,"2B","1980s","M"
"1613",18,110.277777777778,18,18.2524955765299,1.01402753202944,13.0152482189601,"2B","1980s","M"
"1712",19,110.571428571429,21,10.5951471371163,0.504530816053155,13.1278733626618,"2B","1980s","M"
"1811",20,116.4,10,8.63069457743054,0.863069457743054,15.5052571014909,"2B","1980s","M"
"26",3,NA,0,NA,NA,NA,"2C","1980s","M"
"27",4,57.4,10,18.4161764640643,1.84161764640643,1.56915500747082,"2C","1980s","M"
"28",5,57.2258064516129,31,7.1213747615628,0.229721766502026,1.55377862223132,"2C","1980s","M"
"292",6,63.5929203539823,113,7.90980084648785,0.0699982375795385,2.18693426159407,"2C","1980s","M"
"302",7,68.3235294117647,306,8.73225987842655,0.028536796988322,2.75930091041036,"2C","1980s","M"
"316",8,74.2846889952153,418,10.404426517115,0.0248909725289833,3.61830421690544,"2C","1980s","M"
"323",9,80.6428571428571,546,11.041153804125,0.0202218934141483,4.7213353833625,"2C","1980s","M"
"333",10,89.0636363636364,550,12.74742537863,0.0231771370520545,6.51359401321085,"2C","1980s","M"
"343",11,94.3684210526316,532,12.5998676848405,0.02368396181361,7.85651215581292,"2C","1980s","M"
"353",12,98.1360946745562,507,12.9182294112411,0.0254797424284834,8.91900761090391,"2C","1980s","M"
"363",13,103.015113350126,397,13.0589097762868,0.0328939792853573,10.4373531135129,"2C","1980s","M"
"373",14,105.919708029197,274,13.2645985065819,0.0484109434546784,11.4213138690977,"2C","1980s","M"
"383",15,109.769911504425,226,12.4518691855623,0.0550967663077978,12.8220437181759,"2C","1980s","M"
"393",16,114.61935483871,155,13.5796213667459,0.0876104604306185,14.7498330551261,"2C","1980s","M"
"403",17,114.744186046512,129,14.1687811919415,0.109835513115826,14.801943764977,"2C","1980s","M"
"414",18,120.373493975904,83,15.1099311901175,0.182047363736355,17.2866692839916,"2C","1980s","M"
"423",19,120.945454545455,55,12.0990023797774,0.219981861450498,17.5542169369365,"2C","1980s","M"
"433",20,122.30303030303,33,14.0567707184226,0.425962749043109,18.200692025123,"2C","1980s","M"
"516",3,NA,0,NA,NA,NA,"3A","1980s","M"
"52",4,48.8148148148148,27,5.79148603911902,0.214499482930334,0.928322013428897,"3A","1980s","M"
"53",5,55.4623655913978,93,7.90371285864097,0.084986159770333,1.40393207688845,"3A","1980s","M"
"54",6,62.325,240,6.78499760269812,0.0282708233445755,2.04878849249544,"3A","1980s","M"
"55",7,69.5833333333333,384,8.18891394357535,0.0213252967280608,2.92757654519988,"3A","1980s","M"
"56",8,78.088424437299,622,10.6218970390628,0.0170770048859531,4.2537513026949,"3A","1980s","M"
"572",9,83.9788732394366,852,11.7619164624618,0.013805066270495,5.38396534855952,"3A","1980s","M"
"582",10,92.789817232376,766,14.1224875409978,0.0184366678080911,7.43861960206111,"3A","1980s","M"
"592",11,99.0112044817927,714,14.4013747183595,0.0201699926027445,9.17927940821319,"3A","1980s","M"
"602",12,104.205673758865,564,15.0284597890303,0.0266462052996991,10.8332643637945,"3A","1980s","M"
"616",13,108.262210796915,389,15.8544649227395,0.0407569792358343,12.260168641986,"3A","1980s","M"
"623",14,114.438405797101,276,16.1650524165897,0.0585690304948903,14.6745213688287,"3A","1980s","M"
"633",15,115.472392638037,163,15.7551923181117,0.0966576215835074,15.108472876743,"3A","1980s","M"
"643",16,122.625,120,17.818441254484,0.148487010454033,18.3563927732624,"3A","1980s","M"
"653",17,125.254901960784,51,17.770585963614,0.348442862031648,19.6628400015693,"3A","1980s","M"
"663",18,133.275862068966,29,18.5296992337863,0.638955145992632,24.0428627281975,"3A","1980s","M"
"673",19,138.772727272727,22,15.8833000594719,0.721968184521451,27.4066955717802,"3A","1980s","M"
"683",20,144.444444444444,9,15.0757347342601,1.67508163714002,31.2048462133074,"3A","1980s","M"
"761",3,NA,0,NA,NA,NA,"3B","1980s","M"
"771",4,41,2,1.4142135623731,0.707106781186548,0.527486089823476,"3B","1980s","M"
"781",5,52.25,8,4.74341649025257,0.592927061281571,1.15715333351043,"3B","1980s","M"
"79",6,61.04,25,6.59216706908029,0.263686682763212,1.91505996162978,"3B","1980s","M"
"80",7,68.9464285714286,56,7.72580008885727,0.137960715872451,2.84164266976912,"3B","1980s","M"
"816",8,75.6265060240964,83,9.6230298501519,0.115940118676529,3.83438037528459,"3B","1980s","M"
"82",9,81.3430656934307,137,11.4701902365143,0.0837240163249223,4.85545410238632,"3B","1980s","M"
"83",10,86.3294117647059,85,12.7123751436432,0.149557354631096,5.88770129382626,"3B","1980s","M"
"84",11,93.4153846153846,65,11.7205646030976,0.180316378509194,7.60233410513962,"3B","1980s","M"
"852",12,101.157894736842,57,16.267616246576,0.28539677625572,9.83989831800061,"3B","1980s","M"
"862",13,103.1,20,14.7537684748855,0.737688423744277,10.4652447887551,"3B","1980s","M"
"872",14,105.266666666667,15,16.0422062370604,1.06948041580403,11.1947329404369,"3B","1980s","M"
"882",15,107.555555555556,9,21.3489526154746,2.37210584616384,12.0027771490786,"3B","1980s","M"
"892",16,118,4,10.5198225587063,2.62995563967658,16.2064920074605,"3B","1980s","M"
"902",17,130,2,12.7279220613579,6.36396103067893,22.180318450514,"3B","1980s","M"
"916",18,109,1,NA,NA,12.5329460165823,"3B","1980s","M"
"923",19,136,4,17.625738755203,4.40643468880076,25.6718625492144,"3B","1980s","M"
"933",20,NA,0,NA,NA,NA,"3B","1980s","M"
